{
  "ABIRoot": {
    "kind": "Root",
    "name": "TopLevel",
    "printedName": "TopLevel",
    "children": [
      {
        "kind": "Import",
        "name": "Foundation",
        "printedName": "Foundation",
        "declKind": "Import",
        "moduleName": "Zip",
        "declAttributes": [
          "RawDocComment"
        ]
      },
      {
        "kind": "Import",
        "name": "Foundation",
        "printedName": "Foundation",
        "declKind": "Import",
        "moduleName": "Zip",
        "declAttributes": [
          "RawDocComment"
        ]
      },
      {
        "kind": "Import",
        "name": "Minizip",
        "printedName": "Minizip",
        "declKind": "Import",
        "moduleName": "Zip",
        "declAttributes": [
          "ImplementationOnly"
        ]
      },
      {
        "kind": "TypeDecl",
        "name": "LinkedinAudienceNetworkZipError",
        "printedName": "LinkedinAudienceNetworkZipError",
        "children": [
          {
            "kind": "Var",
            "name": "fileNotFound",
            "printedName": "fileNotFound",
            "children": [
              {
                "kind": "TypeFunc",
                "name": "Function",
                "printedName": "(Zip.LinkedinAudienceNetworkZipError.Type) -> Zip.LinkedinAudienceNetworkZipError",
                "children": [
                  {
                    "kind": "TypeNominal",
                    "name": "LinkedinAudienceNetworkZipError",
                    "printedName": "Zip.LinkedinAudienceNetworkZipError",
                    "usr": "s:3Zip023LinkedinAudienceNetworkA5ErrorO"
                  },
                  {
                    "kind": "TypeNominal",
                    "name": "Metatype",
                    "printedName": "Zip.LinkedinAudienceNetworkZipError.Type",
                    "children": [
                      {
                        "kind": "TypeNominal",
                        "name": "LinkedinAudienceNetworkZipError",
                        "printedName": "Zip.LinkedinAudienceNetworkZipError",
                        "usr": "s:3Zip023LinkedinAudienceNetworkA5ErrorO"
                      }
                    ]
                  }
                ]
              }
            ],
            "declKind": "EnumElement",
            "usr": "s:3Zip023LinkedinAudienceNetworkA5ErrorO12fileNotFoundyA2CmF",
            "mangledName": "$s3Zip023LinkedinAudienceNetworkA5ErrorO12fileNotFoundyA2CmF",
            "moduleName": "Zip",
            "declAttributes": [
              "RawDocComment"
            ]
          },
          {
            "kind": "Var",
            "name": "unzipFail",
            "printedName": "unzipFail",
            "children": [
              {
                "kind": "TypeFunc",
                "name": "Function",
                "printedName": "(Zip.LinkedinAudienceNetworkZipError.Type) -> Zip.LinkedinAudienceNetworkZipError",
                "children": [
                  {
                    "kind": "TypeNominal",
                    "name": "LinkedinAudienceNetworkZipError",
                    "printedName": "Zip.LinkedinAudienceNetworkZipError",
                    "usr": "s:3Zip023LinkedinAudienceNetworkA5ErrorO"
                  },
                  {
                    "kind": "TypeNominal",
                    "name": "Metatype",
                    "printedName": "Zip.LinkedinAudienceNetworkZipError.Type",
                    "children": [
                      {
                        "kind": "TypeNominal",
                        "name": "LinkedinAudienceNetworkZipError",
                        "printedName": "Zip.LinkedinAudienceNetworkZipError",
                        "usr": "s:3Zip023LinkedinAudienceNetworkA5ErrorO"
                      }
                    ]
                  }
                ]
              }
            ],
            "declKind": "EnumElement",
            "usr": "s:3Zip023LinkedinAudienceNetworkA5ErrorO9unzipFailyA2CmF",
            "mangledName": "$s3Zip023LinkedinAudienceNetworkA5ErrorO9unzipFailyA2CmF",
            "moduleName": "Zip",
            "declAttributes": [
              "RawDocComment"
            ]
          },
          {
            "kind": "Var",
            "name": "zipFail",
            "printedName": "zipFail",
            "children": [
              {
                "kind": "TypeFunc",
                "name": "Function",
                "printedName": "(Zip.LinkedinAudienceNetworkZipError.Type) -> Zip.LinkedinAudienceNetworkZipError",
                "children": [
                  {
                    "kind": "TypeNominal",
                    "name": "LinkedinAudienceNetworkZipError",
                    "printedName": "Zip.LinkedinAudienceNetworkZipError",
                    "usr": "s:3Zip023LinkedinAudienceNetworkA5ErrorO"
                  },
                  {
                    "kind": "TypeNominal",
                    "name": "Metatype",
                    "printedName": "Zip.LinkedinAudienceNetworkZipError.Type",
                    "children": [
                      {
                        "kind": "TypeNominal",
                        "name": "LinkedinAudienceNetworkZipError",
                        "printedName": "Zip.LinkedinAudienceNetworkZipError",
                        "usr": "s:3Zip023LinkedinAudienceNetworkA5ErrorO"
                      }
                    ]
                  }
                ]
              }
            ],
            "declKind": "EnumElement",
            "usr": "s:3Zip023LinkedinAudienceNetworkA5ErrorO7zipFailyA2CmF",
            "mangledName": "$s3Zip023LinkedinAudienceNetworkA5ErrorO7zipFailyA2CmF",
            "moduleName": "Zip",
            "declAttributes": [
              "RawDocComment"
            ]
          },
          {
            "kind": "Var",
            "name": "description",
            "printedName": "description",
            "children": [
              {
                "kind": "TypeNominal",
                "name": "String",
                "printedName": "Swift.String",
                "usr": "s:SS"
              }
            ],
            "declKind": "Var",
            "usr": "s:3Zip023LinkedinAudienceNetworkA5ErrorO11descriptionSSvp",
            "mangledName": "$s3Zip023LinkedinAudienceNetworkA5ErrorO11descriptionSSvp",
            "moduleName": "Zip",
            "declAttributes": [
              "AccessControl",
              "RawDocComment"
            ],
            "accessors": [
              {
                "kind": "Accessor",
                "name": "Get",
                "printedName": "Get()",
                "children": [
                  {
                    "kind": "TypeNominal",
                    "name": "String",
                    "printedName": "Swift.String",
                    "usr": "s:SS"
                  }
                ],
                "declKind": "Accessor",
                "usr": "s:3Zip023LinkedinAudienceNetworkA5ErrorO11descriptionSSvg",
                "mangledName": "$s3Zip023LinkedinAudienceNetworkA5ErrorO11descriptionSSvg",
                "moduleName": "Zip",
                "accessorKind": "get"
              }
            ]
          },
          {
            "kind": "Function",
            "name": "==",
            "printedName": "==(_:_:)",
            "children": [
              {
                "kind": "TypeNominal",
                "name": "Bool",
                "printedName": "Swift.Bool",
                "usr": "s:Sb"
              },
              {
                "kind": "TypeNominal",
                "name": "LinkedinAudienceNetworkZipError",
                "printedName": "Zip.LinkedinAudienceNetworkZipError",
                "usr": "s:3Zip023LinkedinAudienceNetworkA5ErrorO"
              },
              {
                "kind": "TypeNominal",
                "name": "LinkedinAudienceNetworkZipError",
                "printedName": "Zip.LinkedinAudienceNetworkZipError",
                "usr": "s:3Zip023LinkedinAudienceNetworkA5ErrorO"
              }
            ],
            "declKind": "Func",
            "usr": "s:3Zip023LinkedinAudienceNetworkA5ErrorO2eeoiySbAC_ACtFZ",
            "mangledName": "$s3Zip023LinkedinAudienceNetworkA5ErrorO2eeoiySbAC_ACtFZ",
            "moduleName": "Zip",
            "static": true,
            "implicit": true,
            "funcSelfKind": "NonMutating"
          },
          {
            "kind": "Var",
            "name": "hashValue",
            "printedName": "hashValue",
            "children": [
              {
                "kind": "TypeNominal",
                "name": "Int",
                "printedName": "Swift.Int",
                "usr": "s:Si"
              }
            ],
            "declKind": "Var",
            "usr": "s:3Zip023LinkedinAudienceNetworkA5ErrorO9hashValueSivp",
            "mangledName": "$s3Zip023LinkedinAudienceNetworkA5ErrorO9hashValueSivp",
            "moduleName": "Zip",
            "implicit": true,
            "accessors": [
              {
                "kind": "Accessor",
                "name": "Get",
                "printedName": "Get()",
                "children": [
                  {
                    "kind": "TypeNominal",
                    "name": "Int",
                    "printedName": "Swift.Int",
                    "usr": "s:Si"
                  }
                ],
                "declKind": "Accessor",
                "usr": "s:3Zip023LinkedinAudienceNetworkA5ErrorO9hashValueSivg",
                "mangledName": "$s3Zip023LinkedinAudienceNetworkA5ErrorO9hashValueSivg",
                "moduleName": "Zip",
                "implicit": true,
                "accessorKind": "get"
              }
            ]
          },
          {
            "kind": "Function",
            "name": "hash",
            "printedName": "hash(into:)",
            "children": [
              {
                "kind": "TypeNominal",
                "name": "Void",
                "printedName": "()"
              },
              {
                "kind": "TypeNominal",
                "name": "Hasher",
                "printedName": "Swift.Hasher",
                "paramValueOwnership": "InOut",
                "usr": "s:s6HasherV"
              }
            ],
            "declKind": "Func",
            "usr": "s:3Zip023LinkedinAudienceNetworkA5ErrorO4hash4intoys6HasherVz_tF",
            "mangledName": "$s3Zip023LinkedinAudienceNetworkA5ErrorO4hash4intoys6HasherVz_tF",
            "moduleName": "Zip",
            "implicit": true,
            "funcSelfKind": "NonMutating"
          }
        ],
        "declKind": "Enum",
        "usr": "s:3Zip023LinkedinAudienceNetworkA5ErrorO",
        "mangledName": "$s3Zip023LinkedinAudienceNetworkA5ErrorO",
        "moduleName": "Zip",
        "declAttributes": [
          "AccessControl",
          "RawDocComment"
        ],
        "conformances": [
          {
            "kind": "Conformance",
            "name": "Equatable",
            "printedName": "Equatable",
            "usr": "s:SQ",
            "mangledName": "$sSQ"
          },
          {
            "kind": "Conformance",
            "name": "Hashable",
            "printedName": "Hashable",
            "usr": "s:SH",
            "mangledName": "$sSH"
          },
          {
            "kind": "Conformance",
            "name": "Error",
            "printedName": "Error",
            "usr": "s:s5ErrorP",
            "mangledName": "$ss5ErrorP"
          },
          {
            "kind": "Conformance",
            "name": "Sendable",
            "printedName": "Sendable",
            "usr": "s:s8SendableP",
            "mangledName": "$ss8SendableP"
          }
        ]
      },
      {
        "kind": "TypeDecl",
        "name": "LinkedinAudienceNetworkZipCompression",
        "printedName": "LinkedinAudienceNetworkZipCompression",
        "children": [
          {
            "kind": "Var",
            "name": "NoCompression",
            "printedName": "NoCompression",
            "children": [
              {
                "kind": "TypeFunc",
                "name": "Function",
                "printedName": "(Zip.LinkedinAudienceNetworkZipCompression.Type) -> Zip.LinkedinAudienceNetworkZipCompression",
                "children": [
                  {
                    "kind": "TypeNominal",
                    "name": "LinkedinAudienceNetworkZipCompression",
                    "printedName": "Zip.LinkedinAudienceNetworkZipCompression",
                    "usr": "s:3Zip023LinkedinAudienceNetworkA11CompressionO"
                  },
                  {
                    "kind": "TypeNominal",
                    "name": "Metatype",
                    "printedName": "Zip.LinkedinAudienceNetworkZipCompression.Type",
                    "children": [
                      {
                        "kind": "TypeNominal",
                        "name": "LinkedinAudienceNetworkZipCompression",
                        "printedName": "Zip.LinkedinAudienceNetworkZipCompression",
                        "usr": "s:3Zip023LinkedinAudienceNetworkA11CompressionO"
                      }
                    ]
                  }
                ]
              }
            ],
            "declKind": "EnumElement",
            "usr": "s:3Zip023LinkedinAudienceNetworkA11CompressionO02NoE0yA2CmF",
            "mangledName": "$s3Zip023LinkedinAudienceNetworkA11CompressionO02NoE0yA2CmF",
            "moduleName": "Zip"
          },
          {
            "kind": "Var",
            "name": "BestSpeed",
            "printedName": "BestSpeed",
            "children": [
              {
                "kind": "TypeFunc",
                "name": "Function",
                "printedName": "(Zip.LinkedinAudienceNetworkZipCompression.Type) -> Zip.LinkedinAudienceNetworkZipCompression",
                "children": [
                  {
                    "kind": "TypeNominal",
                    "name": "LinkedinAudienceNetworkZipCompression",
                    "printedName": "Zip.LinkedinAudienceNetworkZipCompression",
                    "usr": "s:3Zip023LinkedinAudienceNetworkA11CompressionO"
                  },
                  {
                    "kind": "TypeNominal",
                    "name": "Metatype",
                    "printedName": "Zip.LinkedinAudienceNetworkZipCompression.Type",
                    "children": [
                      {
                        "kind": "TypeNominal",
                        "name": "LinkedinAudienceNetworkZipCompression",
                        "printedName": "Zip.LinkedinAudienceNetworkZipCompression",
                        "usr": "s:3Zip023LinkedinAudienceNetworkA11CompressionO"
                      }
                    ]
                  }
                ]
              }
            ],
            "declKind": "EnumElement",
            "usr": "s:3Zip023LinkedinAudienceNetworkA11CompressionO9BestSpeedyA2CmF",
            "mangledName": "$s3Zip023LinkedinAudienceNetworkA11CompressionO9BestSpeedyA2CmF",
            "moduleName": "Zip"
          },
          {
            "kind": "Var",
            "name": "DefaultCompression",
            "printedName": "DefaultCompression",
            "children": [
              {
                "kind": "TypeFunc",
                "name": "Function",
                "printedName": "(Zip.LinkedinAudienceNetworkZipCompression.Type) -> Zip.LinkedinAudienceNetworkZipCompression",
                "children": [
                  {
                    "kind": "TypeNominal",
                    "name": "LinkedinAudienceNetworkZipCompression",
                    "printedName": "Zip.LinkedinAudienceNetworkZipCompression",
                    "usr": "s:3Zip023LinkedinAudienceNetworkA11CompressionO"
                  },
                  {
                    "kind": "TypeNominal",
                    "name": "Metatype",
                    "printedName": "Zip.LinkedinAudienceNetworkZipCompression.Type",
                    "children": [
                      {
                        "kind": "TypeNominal",
                        "name": "LinkedinAudienceNetworkZipCompression",
                        "printedName": "Zip.LinkedinAudienceNetworkZipCompression",
                        "usr": "s:3Zip023LinkedinAudienceNetworkA11CompressionO"
                      }
                    ]
                  }
                ]
              }
            ],
            "declKind": "EnumElement",
            "usr": "s:3Zip023LinkedinAudienceNetworkA11CompressionO07DefaultE0yA2CmF",
            "mangledName": "$s3Zip023LinkedinAudienceNetworkA11CompressionO07DefaultE0yA2CmF",
            "moduleName": "Zip"
          },
          {
            "kind": "Var",
            "name": "BestCompression",
            "printedName": "BestCompression",
            "children": [
              {
                "kind": "TypeFunc",
                "name": "Function",
                "printedName": "(Zip.LinkedinAudienceNetworkZipCompression.Type) -> Zip.LinkedinAudienceNetworkZipCompression",
                "children": [
                  {
                    "kind": "TypeNominal",
                    "name": "LinkedinAudienceNetworkZipCompression",
                    "printedName": "Zip.LinkedinAudienceNetworkZipCompression",
                    "usr": "s:3Zip023LinkedinAudienceNetworkA11CompressionO"
                  },
                  {
                    "kind": "TypeNominal",
                    "name": "Metatype",
                    "printedName": "Zip.LinkedinAudienceNetworkZipCompression.Type",
                    "children": [
                      {
                        "kind": "TypeNominal",
                        "name": "LinkedinAudienceNetworkZipCompression",
                        "printedName": "Zip.LinkedinAudienceNetworkZipCompression",
                        "usr": "s:3Zip023LinkedinAudienceNetworkA11CompressionO"
                      }
                    ]
                  }
                ]
              }
            ],
            "declKind": "EnumElement",
            "usr": "s:3Zip023LinkedinAudienceNetworkA11CompressionO04BestE0yA2CmF",
            "mangledName": "$s3Zip023LinkedinAudienceNetworkA11CompressionO04BestE0yA2CmF",
            "moduleName": "Zip"
          },
          {
            "kind": "Constructor",
            "name": "init",
            "printedName": "init(rawValue:)",
            "children": [
              {
                "kind": "TypeNominal",
                "name": "Optional",
                "printedName": "Zip.LinkedinAudienceNetworkZipCompression?",
                "children": [
                  {
                    "kind": "TypeNominal",
                    "name": "LinkedinAudienceNetworkZipCompression",
                    "printedName": "Zip.LinkedinAudienceNetworkZipCompression",
                    "usr": "s:3Zip023LinkedinAudienceNetworkA11CompressionO"
                  }
                ],
                "usr": "s:Sq"
              },
              {
                "kind": "TypeNominal",
                "name": "Int",
                "printedName": "Swift.Int",
                "usr": "s:Si"
              }
            ],
            "declKind": "Constructor",
            "usr": "s:3Zip023LinkedinAudienceNetworkA11CompressionO8rawValueACSgSi_tcfc",
            "mangledName": "$s3Zip023LinkedinAudienceNetworkA11CompressionO8rawValueACSgSi_tcfc",
            "moduleName": "Zip",
            "implicit": true,
            "init_kind": "Designated"
          },
          {
            "kind": "Var",
            "name": "rawValue",
            "printedName": "rawValue",
            "children": [
              {
                "kind": "TypeNominal",
                "name": "Int",
                "printedName": "Swift.Int",
                "usr": "s:Si"
              }
            ],
            "declKind": "Var",
            "usr": "s:3Zip023LinkedinAudienceNetworkA11CompressionO8rawValueSivp",
            "mangledName": "$s3Zip023LinkedinAudienceNetworkA11CompressionO8rawValueSivp",
            "moduleName": "Zip",
            "implicit": true,
            "accessors": [
              {
                "kind": "Accessor",
                "name": "Get",
                "printedName": "Get()",
                "children": [
                  {
                    "kind": "TypeNominal",
                    "name": "Int",
                    "printedName": "Swift.Int",
                    "usr": "s:Si"
                  }
                ],
                "declKind": "Accessor",
                "usr": "s:3Zip023LinkedinAudienceNetworkA11CompressionO8rawValueSivg",
                "mangledName": "$s3Zip023LinkedinAudienceNetworkA11CompressionO8rawValueSivg",
                "moduleName": "Zip",
                "implicit": true,
                "accessorKind": "get"
              }
            ]
          }
        ],
        "declKind": "Enum",
        "usr": "s:3Zip023LinkedinAudienceNetworkA11CompressionO",
        "mangledName": "$s3Zip023LinkedinAudienceNetworkA11CompressionO",
        "moduleName": "Zip",
        "declAttributes": [
          "AccessControl"
        ],
        "enumRawTypeName": "Int",
        "conformances": [
          {
            "kind": "Conformance",
            "name": "Equatable",
            "printedName": "Equatable",
            "usr": "s:SQ",
            "mangledName": "$sSQ"
          },
          {
            "kind": "Conformance",
            "name": "Hashable",
            "printedName": "Hashable",
            "usr": "s:SH",
            "mangledName": "$sSH"
          },
          {
            "kind": "Conformance",
            "name": "RawRepresentable",
            "printedName": "RawRepresentable",
            "children": [
              {
                "kind": "TypeWitness",
                "name": "RawValue",
                "printedName": "RawValue",
                "children": [
                  {
                    "kind": "TypeNominal",
                    "name": "Int",
                    "printedName": "Swift.Int",
                    "usr": "s:Si"
                  }
                ]
              }
            ],
            "usr": "s:SY",
            "mangledName": "$sSY"
          }
        ]
      },
      {
        "kind": "TypeDecl",
        "name": "LinkedinAudienceNetworkArchiveFile",
        "printedName": "LinkedinAudienceNetworkArchiveFile",
        "children": [
          {
            "kind": "Constructor",
            "name": "init",
            "printedName": "init(filename:data:modifiedTime:)",
            "children": [
              {
                "kind": "TypeNominal",
                "name": "LinkedinAudienceNetworkArchiveFile",
                "printedName": "Zip.LinkedinAudienceNetworkArchiveFile",
                "usr": "s:3Zip34LinkedinAudienceNetworkArchiveFileV"
              },
              {
                "kind": "TypeNominal",
                "name": "String",
                "printedName": "Swift.String",
                "usr": "s:SS"
              },
              {
                "kind": "TypeNominal",
                "name": "NSData",
                "printedName": "Foundation.NSData",
                "usr": "c:objc(cs)NSData"
              },
              {
                "kind": "TypeNominal",
                "name": "Optional",
                "printedName": "Foundation.Date?",
                "children": [
                  {
                    "kind": "TypeNominal",
                    "name": "Date",
                    "printedName": "Foundation.Date",
                    "usr": "s:10Foundation4DateV"
                  }
                ],
                "usr": "s:Sq"
              }
            ],
            "declKind": "Constructor",
            "usr": "s:3Zip34LinkedinAudienceNetworkArchiveFileV8filename4data12modifiedTimeACSS_So6NSDataC10Foundation4DateVSgtcfc",
            "mangledName": "$s3Zip34LinkedinAudienceNetworkArchiveFileV8filename4data12modifiedTimeACSS_So6NSDataC10Foundation4DateVSgtcfc",
            "moduleName": "Zip",
            "declAttributes": [
              "AccessControl"
            ],
            "init_kind": "Designated"
          }
        ],
        "declKind": "Struct",
        "usr": "s:3Zip34LinkedinAudienceNetworkArchiveFileV",
        "mangledName": "$s3Zip34LinkedinAudienceNetworkArchiveFileV",
        "moduleName": "Zip",
        "declAttributes": [
          "AccessControl",
          "RawDocComment"
        ]
      },
      {
        "kind": "TypeDecl",
        "name": "LinkedinAudienceNetworkZip",
        "printedName": "LinkedinAudienceNetworkZip",
        "children": [
          {
            "kind": "Constructor",
            "name": "init",
            "printedName": "init()",
            "children": [
              {
                "kind": "TypeNominal",
                "name": "LinkedinAudienceNetworkZip",
                "printedName": "Zip.LinkedinAudienceNetworkZip",
                "usr": "s:3Zip023LinkedinAudienceNetworkA0C"
              }
            ],
            "declKind": "Constructor",
            "usr": "s:3Zip023LinkedinAudienceNetworkA0CACycfc",
            "mangledName": "$s3Zip023LinkedinAudienceNetworkA0CACycfc",
            "moduleName": "Zip",
            "declAttributes": [
              "AccessControl",
              "RawDocComment"
            ],
            "init_kind": "Designated"
          },
          {
            "kind": "Function",
            "name": "unzipFile",
            "printedName": "unzipFile(_:destination:overwrite:password:progress:fileOutputHandler:)",
            "children": [
              {
                "kind": "TypeNominal",
                "name": "Void",
                "printedName": "()"
              },
              {
                "kind": "TypeNominal",
                "name": "URL",
                "printedName": "Foundation.URL",
                "usr": "s:10Foundation3URLV"
              },
              {
                "kind": "TypeNominal",
                "name": "URL",
                "printedName": "Foundation.URL",
                "usr": "s:10Foundation3URLV"
              },
              {
                "kind": "TypeNominal",
                "name": "Bool",
                "printedName": "Swift.Bool",
                "usr": "s:Sb"
              },
              {
                "kind": "TypeNominal",
                "name": "Optional",
                "printedName": "Swift.String?",
                "children": [
                  {
                    "kind": "TypeNominal",
                    "name": "String",
                    "printedName": "Swift.String",
                    "usr": "s:SS"
                  }
                ],
                "usr": "s:Sq"
              },
              {
                "kind": "TypeNominal",
                "name": "Optional",
                "printedName": "((Swift.Double) -> ())?",
                "children": [
                  {
                    "kind": "TypeFunc",
                    "name": "Function",
                    "printedName": "(Swift.Double) -> ()",
                    "children": [
                      {
                        "kind": "TypeNominal",
                        "name": "Void",
                        "printedName": "()"
                      },
                      {
                        "kind": "TypeNominal",
                        "name": "Double",
                        "printedName": "Swift.Double",
                        "usr": "s:Sd"
                      }
                    ]
                  }
                ],
                "hasDefaultArg": true,
                "usr": "s:Sq"
              },
              {
                "kind": "TypeNominal",
                "name": "Optional",
                "printedName": "((Foundation.URL) -> ())?",
                "children": [
                  {
                    "kind": "TypeFunc",
                    "name": "Function",
                    "printedName": "(Foundation.URL) -> ()",
                    "children": [
                      {
                        "kind": "TypeNominal",
                        "name": "Void",
                        "printedName": "()"
                      },
                      {
                        "kind": "TypeNominal",
                        "name": "URL",
                        "printedName": "Foundation.URL",
                        "usr": "s:10Foundation3URLV"
                      }
                    ]
                  }
                ],
                "hasDefaultArg": true,
                "usr": "s:Sq"
              }
            ],
            "declKind": "Func",
            "usr": "s:3Zip023LinkedinAudienceNetworkA0C9unzipFile_11destination9overwrite8password8progress17fileOutputHandlery10Foundation3URLV_ALSbSSSgySdcSgyALcSgtKFZ",
            "mangledName": "$s3Zip023LinkedinAudienceNetworkA0C9unzipFile_11destination9overwrite8password8progress17fileOutputHandlery10Foundation3URLV_ALSbSSSgySdcSgyALcSgtKFZ",
            "moduleName": "Zip",
            "static": true,
            "declAttributes": [
              "AccessControl",
              "RawDocComment"
            ],
            "throwing": true,
            "funcSelfKind": "NonMutating"
          },
          {
            "kind": "Function",
            "name": "zipFiles",
            "printedName": "zipFiles(paths:zipFilePath:password:compression:progress:)",
            "children": [
              {
                "kind": "TypeNominal",
                "name": "Void",
                "printedName": "()"
              },
              {
                "kind": "TypeNominal",
                "name": "Array",
                "printedName": "[Foundation.URL]",
                "children": [
                  {
                    "kind": "TypeNominal",
                    "name": "URL",
                    "printedName": "Foundation.URL",
                    "usr": "s:10Foundation3URLV"
                  }
                ],
                "usr": "s:Sa"
              },
              {
                "kind": "TypeNominal",
                "name": "URL",
                "printedName": "Foundation.URL",
                "usr": "s:10Foundation3URLV"
              },
              {
                "kind": "TypeNominal",
                "name": "Optional",
                "printedName": "Swift.String?",
                "children": [
                  {
                    "kind": "TypeNominal",
                    "name": "String",
                    "printedName": "Swift.String",
                    "usr": "s:SS"
                  }
                ],
                "usr": "s:Sq"
              },
              {
                "kind": "TypeNominal",
                "name": "LinkedinAudienceNetworkZipCompression",
                "printedName": "Zip.LinkedinAudienceNetworkZipCompression",
                "hasDefaultArg": true,
                "usr": "s:3Zip023LinkedinAudienceNetworkA11CompressionO"
              },
              {
                "kind": "TypeNominal",
                "name": "Optional",
                "printedName": "((Swift.Double) -> ())?",
                "children": [
                  {
                    "kind": "TypeFunc",
                    "name": "Function",
                    "printedName": "(Swift.Double) -> ()",
                    "children": [
                      {
                        "kind": "TypeNominal",
                        "name": "Void",
                        "printedName": "()"
                      },
                      {
                        "kind": "TypeNominal",
                        "name": "Double",
                        "printedName": "Swift.Double",
                        "usr": "s:Sd"
                      }
                    ]
                  }
                ],
                "usr": "s:Sq"
              }
            ],
            "declKind": "Func",
            "usr": "s:3Zip023LinkedinAudienceNetworkA0C8zipFiles5paths0E8FilePath8password11compression8progressySay10Foundation3URLVG_ALSSSgAA0bcdA11CompressionOySdcSgtKFZ",
            "mangledName": "$s3Zip023LinkedinAudienceNetworkA0C8zipFiles5paths0E8FilePath8password11compression8progressySay10Foundation3URLVG_ALSSSgAA0bcdA11CompressionOySdcSgtKFZ",
            "moduleName": "Zip",
            "static": true,
            "declAttributes": [
              "AccessControl",
              "RawDocComment"
            ],
            "throwing": true,
            "funcSelfKind": "NonMutating"
          },
          {
            "kind": "Function",
            "name": "zipData",
            "printedName": "zipData(archiveFiles:zipFilePath:password:compression:progress:)",
            "children": [
              {
                "kind": "TypeNominal",
                "name": "Void",
                "printedName": "()"
              },
              {
                "kind": "TypeNominal",
                "name": "Array",
                "printedName": "[Zip.LinkedinAudienceNetworkArchiveFile]",
                "children": [
                  {
                    "kind": "TypeNominal",
                    "name": "LinkedinAudienceNetworkArchiveFile",
                    "printedName": "Zip.LinkedinAudienceNetworkArchiveFile",
                    "usr": "s:3Zip34LinkedinAudienceNetworkArchiveFileV"
                  }
                ],
                "usr": "s:Sa"
              },
              {
                "kind": "TypeNominal",
                "name": "URL",
                "printedName": "Foundation.URL",
                "usr": "s:10Foundation3URLV"
              },
              {
                "kind": "TypeNominal",
                "name": "Optional",
                "printedName": "Swift.String?",
                "children": [
                  {
                    "kind": "TypeNominal",
                    "name": "String",
                    "printedName": "Swift.String",
                    "usr": "s:SS"
                  }
                ],
                "usr": "s:Sq"
              },
              {
                "kind": "TypeNominal",
                "name": "LinkedinAudienceNetworkZipCompression",
                "printedName": "Zip.LinkedinAudienceNetworkZipCompression",
                "hasDefaultArg": true,
                "usr": "s:3Zip023LinkedinAudienceNetworkA11CompressionO"
              },
              {
                "kind": "TypeNominal",
                "name": "Optional",
                "printedName": "((Swift.Double) -> ())?",
                "children": [
                  {
                    "kind": "TypeFunc",
                    "name": "Function",
                    "printedName": "(Swift.Double) -> ()",
                    "children": [
                      {
                        "kind": "TypeNominal",
                        "name": "Void",
                        "printedName": "()"
                      },
                      {
                        "kind": "TypeNominal",
                        "name": "Double",
                        "printedName": "Swift.Double",
                        "usr": "s:Sd"
                      }
                    ]
                  }
                ],
                "usr": "s:Sq"
              }
            ],
            "declKind": "Func",
            "usr": "s:3Zip023LinkedinAudienceNetworkA0C7zipData12archiveFiles0E8FilePath8password11compression8progressySayAA0bcd7ArchiveI0VG_10Foundation3URLVSSSgAA0bcdA11CompressionOySdcSgtKFZ",
            "mangledName": "$s3Zip023LinkedinAudienceNetworkA0C7zipData12archiveFiles0E8FilePath8password11compression8progressySayAA0bcd7ArchiveI0VG_10Foundation3URLVSSSgAA0bcdA11CompressionOySdcSgtKFZ",
            "moduleName": "Zip",
            "static": true,
            "declAttributes": [
              "AccessControl",
              "RawDocComment"
            ],
            "throwing": true,
            "funcSelfKind": "NonMutating"
          },
          {
            "kind": "Function",
            "name": "addCustomFileExtension",
            "printedName": "addCustomFileExtension(_:)",
            "children": [
              {
                "kind": "TypeNominal",
                "name": "Void",
                "printedName": "()"
              },
              {
                "kind": "TypeNominal",
                "name": "String",
                "printedName": "Swift.String",
                "usr": "s:SS"
              }
            ],
            "declKind": "Func",
            "usr": "s:3Zip023LinkedinAudienceNetworkA0C22addCustomFileExtensionyySSFZ",
            "mangledName": "$s3Zip023LinkedinAudienceNetworkA0C22addCustomFileExtensionyySSFZ",
            "moduleName": "Zip",
            "static": true,
            "declAttributes": [
              "AccessControl",
              "RawDocComment"
            ],
            "funcSelfKind": "NonMutating"
          },
          {
            "kind": "Function",
            "name": "removeCustomFileExtension",
            "printedName": "removeCustomFileExtension(_:)",
            "children": [
              {
                "kind": "TypeNominal",
                "name": "Void",
                "printedName": "()"
              },
              {
                "kind": "TypeNominal",
                "name": "String",
                "printedName": "Swift.String",
                "usr": "s:SS"
              }
            ],
            "declKind": "Func",
            "usr": "s:3Zip023LinkedinAudienceNetworkA0C25removeCustomFileExtensionyySSFZ",
            "mangledName": "$s3Zip023LinkedinAudienceNetworkA0C25removeCustomFileExtensionyySSFZ",
            "moduleName": "Zip",
            "static": true,
            "declAttributes": [
              "AccessControl",
              "RawDocComment"
            ],
            "funcSelfKind": "NonMutating"
          },
          {
            "kind": "Function",
            "name": "isValidFileExtension",
            "printedName": "isValidFileExtension(_:)",
            "children": [
              {
                "kind": "TypeNominal",
                "name": "Bool",
                "printedName": "Swift.Bool",
                "usr": "s:Sb"
              },
              {
                "kind": "TypeNominal",
                "name": "String",
                "printedName": "Swift.String",
                "usr": "s:SS"
              }
            ],
            "declKind": "Func",
            "usr": "s:3Zip023LinkedinAudienceNetworkA0C20isValidFileExtensionySbSSFZ",
            "mangledName": "$s3Zip023LinkedinAudienceNetworkA0C20isValidFileExtensionySbSSFZ",
            "moduleName": "Zip",
            "static": true,
            "declAttributes": [
              "AccessControl",
              "RawDocComment"
            ],
            "funcSelfKind": "NonMutating"
          },
          {
            "kind": "Function",
            "name": "quickUnzipFile",
            "printedName": "quickUnzipFile(_:)",
            "children": [
              {
                "kind": "TypeNominal",
                "name": "URL",
                "printedName": "Foundation.URL",
                "usr": "s:10Foundation3URLV"
              },
              {
                "kind": "TypeNominal",
                "name": "URL",
                "printedName": "Foundation.URL",
                "usr": "s:10Foundation3URLV"
              }
            ],
            "declKind": "Func",
            "usr": "s:3Zip023LinkedinAudienceNetworkA0C14quickUnzipFiley10Foundation3URLVAGKFZ",
            "mangledName": "$s3Zip023LinkedinAudienceNetworkA0C14quickUnzipFiley10Foundation3URLVAGKFZ",
            "moduleName": "Zip",
            "static": true,
            "declAttributes": [
              "AccessControl",
              "RawDocComment"
            ],
            "isFromExtension": true,
            "throwing": true,
            "funcSelfKind": "NonMutating"
          },
          {
            "kind": "Function",
            "name": "quickUnzipFile",
            "printedName": "quickUnzipFile(_:progress:)",
            "children": [
              {
                "kind": "TypeNominal",
                "name": "URL",
                "printedName": "Foundation.URL",
                "usr": "s:10Foundation3URLV"
              },
              {
                "kind": "TypeNominal",
                "name": "URL",
                "printedName": "Foundation.URL",
                "usr": "s:10Foundation3URLV"
              },
              {
                "kind": "TypeNominal",
                "name": "Optional",
                "printedName": "((Swift.Double) -> ())?",
                "children": [
                  {
                    "kind": "TypeFunc",
                    "name": "Function",
                    "printedName": "(Swift.Double) -> ()",
                    "children": [
                      {
                        "kind": "TypeNominal",
                        "name": "Void",
                        "printedName": "()"
                      },
                      {
                        "kind": "TypeNominal",
                        "name": "Double",
                        "printedName": "Swift.Double",
                        "usr": "s:Sd"
                      }
                    ]
                  }
                ],
                "usr": "s:Sq"
              }
            ],
            "declKind": "Func",
            "usr": "s:3Zip023LinkedinAudienceNetworkA0C14quickUnzipFile_8progress10Foundation3URLVAH_ySdcSgtKFZ",
            "mangledName": "$s3Zip023LinkedinAudienceNetworkA0C14quickUnzipFile_8progress10Foundation3URLVAH_ySdcSgtKFZ",
            "moduleName": "Zip",
            "static": true,
            "declAttributes": [
              "AccessControl",
              "RawDocComment"
            ],
            "isFromExtension": true,
            "throwing": true,
            "funcSelfKind": "NonMutating"
          },
          {
            "kind": "Function",
            "name": "quickZipFiles",
            "printedName": "quickZipFiles(_:fileName:)",
            "children": [
              {
                "kind": "TypeNominal",
                "name": "URL",
                "printedName": "Foundation.URL",
                "usr": "s:10Foundation3URLV"
              },
              {
                "kind": "TypeNominal",
                "name": "Array",
                "printedName": "[Foundation.URL]",
                "children": [
                  {
                    "kind": "TypeNominal",
                    "name": "URL",
                    "printedName": "Foundation.URL",
                    "usr": "s:10Foundation3URLV"
                  }
                ],
                "usr": "s:Sa"
              },
              {
                "kind": "TypeNominal",
                "name": "String",
                "printedName": "Swift.String",
                "usr": "s:SS"
              }
            ],
            "declKind": "Func",
            "usr": "s:3Zip023LinkedinAudienceNetworkA0C05quickA5Files_8fileName10Foundation3URLVSayAHG_SStKFZ",
            "mangledName": "$s3Zip023LinkedinAudienceNetworkA0C05quickA5Files_8fileName10Foundation3URLVSayAHG_SStKFZ",
            "moduleName": "Zip",
            "static": true,
            "declAttributes": [
              "AccessControl",
              "RawDocComment"
            ],
            "isFromExtension": true,
            "throwing": true,
            "funcSelfKind": "NonMutating"
          },
          {
            "kind": "Function",
            "name": "quickZipFiles",
            "printedName": "quickZipFiles(_:fileName:progress:)",
            "children": [
              {
                "kind": "TypeNominal",
                "name": "URL",
                "printedName": "Foundation.URL",
                "usr": "s:10Foundation3URLV"
              },
              {
                "kind": "TypeNominal",
                "name": "Array",
                "printedName": "[Foundation.URL]",
                "children": [
                  {
                    "kind": "TypeNominal",
                    "name": "URL",
                    "printedName": "Foundation.URL",
                    "usr": "s:10Foundation3URLV"
                  }
                ],
                "usr": "s:Sa"
              },
              {
                "kind": "TypeNominal",
                "name": "String",
                "printedName": "Swift.String",
                "usr": "s:SS"
              },
              {
                "kind": "TypeNominal",
                "name": "Optional",
                "printedName": "((Swift.Double) -> ())?",
                "children": [
                  {
                    "kind": "TypeFunc",
                    "name": "Function",
                    "printedName": "(Swift.Double) -> ()",
                    "children": [
                      {
                        "kind": "TypeNominal",
                        "name": "Void",
                        "printedName": "()"
                      },
                      {
                        "kind": "TypeNominal",
                        "name": "Double",
                        "printedName": "Swift.Double",
                        "usr": "s:Sd"
                      }
                    ]
                  }
                ],
                "usr": "s:Sq"
              }
            ],
            "declKind": "Func",
            "usr": "s:3Zip023LinkedinAudienceNetworkA0C05quickA5Files_8fileName8progress10Foundation3URLVSayAIG_SSySdcSgtKFZ",
            "mangledName": "$s3Zip023LinkedinAudienceNetworkA0C05quickA5Files_8fileName8progress10Foundation3URLVSayAIG_SSySdcSgtKFZ",
            "moduleName": "Zip",
            "static": true,
            "declAttributes": [
              "AccessControl",
              "RawDocComment"
            ],
            "isFromExtension": true,
            "throwing": true,
            "funcSelfKind": "NonMutating"
          }
        ],
        "declKind": "Class",
        "usr": "s:3Zip023LinkedinAudienceNetworkA0C",
        "mangledName": "$s3Zip023LinkedinAudienceNetworkA0C",
        "moduleName": "Zip",
        "declAttributes": [
          "AccessControl",
          "RawDocComment"
        ]
      },
      {
        "kind": "Import",
        "name": "Foundation",
        "printedName": "Foundation",
        "declKind": "Import",
        "moduleName": "Zip",
        "declAttributes": [
          "RawDocComment"
        ]
      }
    ],
    "json_format_version": 8
  },
  "ConstValues": [
    {
      "filePath": "\/Users\/sleloglu\/audience-network-ios\/Pods\/Zip\/Zip\/Zip.swift",
      "kind": "IntegerLiteral",
      "offset": 845,
      "length": 9,
      "value": "1"
    },
    {
      "filePath": "\/Users\/sleloglu\/audience-network-ios\/Pods\/Zip\/Zip\/Zip.swift",
      "kind": "IntegerLiteral",
      "offset": 864,
      "length": 18,
      "value": "2"
    },
    {
      "filePath": "\/Users\/sleloglu\/audience-network-ios\/Pods\/Zip\/Zip\/Zip.swift",
      "kind": "IntegerLiteral",
      "offset": 892,
      "length": 15,
      "value": "3"
    },
    {
      "filePath": "\/Users\/sleloglu\/audience-network-ios\/Pods\/Zip\/Zip\/Zip.swift",
      "kind": "IntegerLiteral",
      "offset": 845,
      "length": 9,
      "value": "1"
    },
    {
      "filePath": "\/Users\/sleloglu\/audience-network-ios\/Pods\/Zip\/Zip\/Zip.swift",
      "kind": "IntegerLiteral",
      "offset": 864,
      "length": 18,
      "value": "2"
    },
    {
      "filePath": "\/Users\/sleloglu\/audience-network-ios\/Pods\/Zip\/Zip\/Zip.swift",
      "kind": "IntegerLiteral",
      "offset": 892,
      "length": 15,
      "value": "3"
    },
    {
      "filePath": "\/Users\/sleloglu\/audience-network-ios\/Pods\/Zip\/Zip\/Zip.swift",
      "kind": "IntegerLiteral",
      "offset": 845,
      "length": 9,
      "value": "1"
    },
    {
      "filePath": "\/Users\/sleloglu\/audience-network-ios\/Pods\/Zip\/Zip\/Zip.swift",
      "kind": "IntegerLiteral",
      "offset": 864,
      "length": 18,
      "value": "2"
    },
    {
      "filePath": "\/Users\/sleloglu\/audience-network-ios\/Pods\/Zip\/Zip\/Zip.swift",
      "kind": "IntegerLiteral",
      "offset": 892,
      "length": 15,
      "value": "3"
    },
    {
      "filePath": "\/Users\/sleloglu\/audience-network-ios\/Pods\/Zip\/Zip\/Zip.swift",
      "kind": "Array",
      "offset": 1784,
      "length": 2,
      "value": "[]"
    },
    {
      "filePath": "\/Users\/sleloglu\/audience-network-ios\/Pods\/Zip\/Zip\/ZipUtilities.swift",
      "kind": "BooleanLiteral",
      "offset": 597,
      "length": 4,
      "value": "true"
    }
  ]
}